-- Kreirano pomoću ChatGPT
-- SQL testni podaci za bazu planinarenja
-- Prvo pokreni CREATE TABLE skriptu, zatim ovu datoteku.
-- Osnovne tablice imaju do 30 redova.
-- Tablice komentar, ocjena, prijava i oprema_izlet imaju do 150 redova.
-- Podaci postuju FK, UNIQUE i CHECK ogranicenja iz poslane skripte.

-- GRUPA (10 redova)
INSERT INTO grupa (naziv, opis) VALUES
('Pocetnici', 'Grupa za nove clanove i lagane izlete'),
('Rekreativci', 'Clanovi koji planinare vikendom'),
('Iskusni planinari', 'Grupa za zahtjevnije uspone'),
('Alpinisti', 'Clanovi s iskustvom u visokogorju'),
('Seniori', 'Grupa za starije clanove'),
('Mladi planinari', 'Skolska i studentska planinarska grupa'),
('Obiteljska grupa', 'Izleti za roditelje i djecu'),
('Brza grupa', 'Clanovi koji preferiraju brzi tempo'),
('Foto grupa', 'Planinari zainteresirani za fotografiju'),
('Eko grupa', 'Grupa za zastitu prirode');

-- LOKACIJA (15 redova)
INSERT INTO lokacija (naziv, regija) VALUES
('Medvednica', 'Zagrebacka regija'),
('Velebit', 'Licko-senjska i zadarska zupanija'),
('Biokovo', 'Makarsko primorje'),
('Risnjak', 'Gorski kotar'),
('Ucka', 'Istra i Kvarner'),
('Papuk', 'Slavonija'),
('Dinara', 'Dalmatinska zagora'),
('Mosor', 'Splitsko-dalmatinska zupanija'),
('Klek', 'Karlovacka zupanija'),
('Zumberak', 'Zagrebacka zupanija'),
('Samoborsko gorje', 'Zagrebacka zupanija'),
('Gorski kotar', 'Primorsko-goranska zupanija'),
('Lika', 'Licko-senjska zupanija'),
('Istra', 'Istarska zupanija'),
('Zagorje', 'Sjeverozapadna Hrvatska');

-- PLANINA (15 redova)
INSERT INTO planina (naziv, drzava) VALUES
('Medvednica', 'Hrvatska'),
('Velebit', 'Hrvatska'),
('Biokovo', 'Hrvatska'),
('Risnjak', 'Hrvatska'),
('Ucka', 'Hrvatska'),
('Papuk', 'Hrvatska'),
('Dinara', 'Hrvatska'),
('Mosor', 'Hrvatska'),
('Klek', 'Hrvatska'),
('Zumberacka gora', 'Hrvatska'),
('Samoborsko gorje', 'Hrvatska'),
('Snjeznik', 'Hrvatska'),
('Ivanscica', 'Hrvatska'),
('Kalnik', 'Hrvatska'),
('Psunj', 'Hrvatska');

-- OPREMA (25 redova)
INSERT INTO oprema (naziv, tip, opis) VALUES
('Planinarske cipele', 'obuca', 'Vodootporne cipele'),
('Ruksak 30L', 'ruksak', 'Za jednodnevni izlet'),
('Ruksak 50L', 'ruksak', 'Za visednevni izlet'),
('Kabanica', 'odjeca', 'Zastita od kise'),
('Jakna', 'odjeca', 'Topla jakna'),
('Flis majica', 'odjeca', 'Topli sloj odjece'),
('Planinarski stapovi', 'dodaci', 'Stapovi za hodanje'),
('Ceona lampa', 'rasvjeta', 'Lampa za noc'),
('Prva pomoc', 'sigurnost', 'Osnovni komplet'),
('Karta', 'navigacija', 'Karta podrucja'),
('Kompas', 'navigacija', 'Orijentacijski kompas'),
('GPS uredaj', 'navigacija', 'Pracenje rute'),
('Boca za vodu', 'dodaci', 'Boca od 1 litre'),
('Termosica', 'dodaci', 'Za topli napitak'),
('Kapa', 'odjeca', 'Zastita glave'),
('Rukavice', 'odjeca', 'Zimske rukavice'),
('Gamase', 'obuca', 'Zastita od blata'),
('Dereze', 'sigurnost', 'Za led i snijeg'),
('Kaciga', 'sigurnost', 'Zastita glave'),
('Uze', 'sigurnost', 'Sigurnosno uze'),
('Sator', 'kampiranje', 'Sator za dvije osobe'),
('Vreca za spavanje', 'kampiranje', 'Topla vreca'),
('Podloga za spavanje', 'kampiranje', 'Izolacijska podloga'),
('Krema za sunce', 'zastita', 'UV zastita'),
('Naocale', 'zastita', 'Suncane naocale');

-- PROGNOZA (30 redova)
INSERT INTO prognoza (temperatura, vremenski_uvjeti, datum) VALUES
(22.97, 'suncano', '2026-03-01 06:00:00'),
(6.41, 'oblacno', '2026-03-06 06:00:00'),
(3.42, 'kisa', '2026-03-11 06:00:00'),
(23.79, 'snijeg', '2026-03-16 06:00:00'),
(-0.97, 'magla', '2026-03-21 06:00:00'),
(11.67, 'vjetrovito', '2026-03-26 06:00:00'),
(14.53, 'promjenjivo', '2026-03-31 06:00:00'),
(16.4, 'suncano', '2026-04-05 06:00:00'),
(0.09, 'oblacno', '2026-04-10 06:00:00'),
(17.07, 'kisa', '2026-04-15 06:00:00'),
(12.52, 'snijeg', '2026-04-20 06:00:00'),
(24.79, 'magla', '2026-04-25 06:00:00'),
(-4.01, 'vjetrovito', '2026-04-30 06:00:00'),
(28.5, 'promjenjivo', '2026-05-05 06:00:00'),
(1.04, 'suncano', '2026-05-10 06:00:00'),
(23.47, 'oblacno', '2026-05-15 06:00:00'),
(12.76, 'kisa', '2026-05-20 06:00:00'),
(24.25, 'snijeg', '2026-05-25 06:00:00'),
(1.4, 'magla', '2026-05-30 06:00:00'),
(6.25, 'vjetrovito', '2026-06-04 06:00:00'),
(-1.95, 'promjenjivo', '2026-06-09 06:00:00'),
(22.26, 'suncano', '2026-06-14 06:00:00'),
(13.69, 'oblacno', '2026-06-19 06:00:00'),
(2.17, 'kisa', '2026-06-24 06:00:00'),
(1.71, 'snijeg', '2026-06-29 06:00:00'),
(-2.17, 'magla', '2026-07-04 06:00:00'),
(2.0, 'vjetrovito', '2026-07-09 06:00:00'),
(14.6, 'promjenjivo', '2026-07-14 06:00:00'),
(10.32, 'suncano', '2026-07-19 06:00:00'),
(19.65, 'oblacno', '2026-07-24 06:00:00');

-- PLANINAR (30 redova)
INSERT INTO planinar (id_grupa, ime, prezime, godiste, email, telefon, visina, tezina) VALUES
(1, 'Ivan', 'Horvat', 1964, 'ivan.horvat1@mail.hr', '0924557389', 1.87, 97.04),
(2, 'Ana', 'Babic', 1966, 'ana.babic2@mail.hr', '0982330955', 1.94, 93.56),
(3, 'Luka', 'Vidovic', 1966, 'luka.vidovic3@mail.hr', '0958461805', 1.82, 100.75),
(4, 'Petra', 'Bozic', 1967, 'petra.bozic4@mail.hr', '0969887272', 1.57, 96.68),
(5, 'Marko', 'Vukovic', 1985, 'marko.vukovic5@mail.hr', '0995157482', 1.64, 77.03),
(6, 'Maja', 'Barisic', 2007, 'maja.barisic6@mail.hr', '0937447953', 1.56, 104.2),
(7, 'Tomislav', 'Jelic', 1963, 'tomislav.jelic7@mail.hr', '0981661982', 1.87, 92.29),
(8, 'Ivana', 'Petrovic', 1987, 'ivana.petrovic8@mail.hr', '0925295628', 1.97, 99.97),
(9, 'Nikola', 'Rukavina', 2004, 'nikola.rukavina9@mail.hr', '0981938787', 1.83, 95.6),
(10, 'Marija', 'Kolar', 2001, 'marija.kolar10@mail.hr', '0923473125', 1.68, 56.87),
(1, 'Josip', 'Horvat', 1991, 'josip.horvat11@mail.hr', '0967970568', 1.8, 55.3),
(2, 'Katarina', 'Babic', 1990, 'katarina.babic12@mail.hr', '0931448407', 1.85, 64.72),
(3, 'Dario', 'Vidovic', 2002, 'dario.vidovic13@mail.hr', '0982903469', 1.92, 103.65),
(4, 'Lucija', 'Bozic', 1966, 'lucija.bozic14@mail.hr', '0935016090', 1.66, 92.91),
(5, 'Filip', 'Vukovic', 1965, 'filip.vukovic15@mail.hr', '0933755636', 1.61, 54.68),
(6, 'Tea', 'Barisic', 1974, 'tea.barisic16@mail.hr', '0997361326', 1.97, 82.56),
(7, 'Matej', 'Jelic', 2006, 'matej.jelic17@mail.hr', '0979212789', 1.77, 83.71),
(8, 'Nina', 'Petrovic', 1966, 'nina.petrovic18@mail.hr', '0987962801', 1.68, 66.64),
(9, 'Stjepan', 'Rukavina', 1989, 'stjepan.rukavina19@mail.hr', '0941307048', 1.8, 55.75),
(10, 'Sara', 'Kolar', 1961, 'sara.kolar20@mail.hr', '0931148006', 1.59, 98.55),
(1, 'Hrvoje', 'Horvat', 1992, 'hrvoje.horvat21@mail.hr', '0942393930', 1.88, 60.76),
(2, 'Lea', 'Babic', 2002, 'lea.babic22@mail.hr', '0975761361', 1.75, 77.88),
(3, 'Domagoj', 'Vidovic', 2004, 'domagoj.vidovic23@mail.hr', '0974254683', 1.93, 86.45),
(4, 'Iva', 'Bozic', 1976, 'iva.bozic24@mail.hr', '0952445186', 1.92, 69.14),
(5, 'Borna', 'Vukovic', 1972, 'borna.vukovic25@mail.hr', '0957176834', 1.87, 104.99),
(6, 'Mia', 'Barisic', 1990, 'mia.barisic26@mail.hr', '0997608186', 1.77, 73.22),
(7, 'Karlo', 'Jelic', 1976, 'karlo.jelic27@mail.hr', '0976187235', 1.95, 66.54),
(8, 'Ema', 'Petrovic', 1966, 'ema.petrovic28@mail.hr', '0933307963', 1.7, 93.42),
(9, 'Tin', 'Rukavina', 1963, 'tin.rukavina29@mail.hr', '0941955654', 1.78, 97.37),
(10, 'Paula', 'Kolar', 1997, 'paula.kolar30@mail.hr', '0923144625', 1.67, 60.53);

-- VRH (30 redova)
INSERT INTO vrh (id_planina, naziv, visina) VALUES
(1, 'Sljeme', 1033),
(2, 'Vaganski vrh', 1757),
(3, 'Sveti Jure', 1762),
(4, 'Veliki Risnjak', 1528),
(5, 'Vojak', 1401),
(6, 'Papuk', 953),
(7, 'Sinjal', 1831),
(8, 'Veliki Kabal', 1339),
(9, 'Klek', 1181),
(10, 'Sveta Gera', 1178),
(11, 'Japetic', 879),
(12, 'Snjeznik', 1506),
(13, 'Ivanscica', 1060),
(14, 'Vranilac', 643),
(15, 'Brezovo polje', 984),
(2, 'Zavizan', 1594),
(2, 'Tulove grede', 1120),
(3, 'Vosac', 1422),
(5, 'Sisol', 835),
(11, 'Ostrc', 752),
(11, 'Okic', 499),
(12, 'Bjelolasica', 1534),
(12, 'Burni Bitoraj', 1386),
(10, 'Plijes', 977),
(6, 'Jankovac', 475),
(8, 'Mosor vrh', 1330),
(9, 'Mali Klek', 1058),
(1, 'Puntijarka', 957),
(4, 'Snjeznik Risnjak', 1506),
(7, 'Troglav', 1913);

-- STAZA (30 redova)
INSERT INTO staza (id_lokacija, id_vrh, naziv, duljina, trajanje, tezina) VALUES
(1, 1, 'Staza 1 - Sljeme', 13, 1.45, 'lagana'),
(2, 2, 'Staza 2 - Vaganski vrh', 19, 6.49, 'srednja'),
(3, 3, 'Staza 3 - Sveti Jure', 21, 8.16, 'teska'),
(4, 4, 'Staza 4 - Veliki Risnjak', 5, 7.6, 'lagana'),
(5, 5, 'Staza 5 - Vojak', 12, 1.59, 'srednja'),
(6, 6, 'Staza 6 - Papuk', 17, 5.85, 'teska'),
(7, 7, 'Staza 7 - Sinjal', 26, 7.37, 'lagana'),
(8, 8, 'Staza 8 - Veliki Kabal', 4, 4.37, 'srednja'),
(9, 9, 'Staza 9 - Klek', 7, 4.72, 'teska'),
(10, 10, 'Staza 10 - Sveta Gera', 20, 7.38, 'lagana'),
(11, 11, 'Staza 11 - Japetic', 5, 4.22, 'srednja'),
(12, 12, 'Staza 12 - Snjeznik', 6, 1.24, 'teska'),
(13, 13, 'Staza 13 - Ivanscica', 7, 1.29, 'lagana'),
(14, 14, 'Staza 14 - Vranilac', 23, 7.06, 'srednja'),
(15, 15, 'Staza 15 - Brezovo polje', 22, 8.03, 'teska'),
(1, 16, 'Staza 16 - Zavizan', 23, 7.8, 'lagana'),
(2, 17, 'Staza 17 - Tulove grede', 8, 5.07, 'srednja'),
(3, 18, 'Staza 18 - Vosac', 24, 1.66, 'teska'),
(4, 19, 'Staza 19 - Sisol', 4, 5.13, 'lagana'),
(5, 20, 'Staza 20 - Ostrc', 26, 3.91, 'srednja'),
(6, 21, 'Staza 21 - Okic', 25, 1.54, 'teska'),
(7, 22, 'Staza 22 - Bjelolasica', 26, 4.61, 'lagana'),
(8, 23, 'Staza 23 - Burni Bitoraj', 20, 5.26, 'srednja'),
(9, 24, 'Staza 24 - Plijes', 26, 3.42, 'teska'),
(10, 25, 'Staza 25 - Jankovac', 18, 2.72, 'lagana'),
(11, 26, 'Staza 26 - Mosor vrh', 18, 5.33, 'srednja'),
(12, 27, 'Staza 27 - Mali Klek', 21, 3.9, 'teska'),
(13, 28, 'Staza 28 - Puntijarka', 24, 7.53, 'lagana'),
(14, 29, 'Staza 29 - Snjeznik Risnjak', 9, 4.01, 'srednja'),
(15, 30, 'Staza 30 - Troglav', 6, 2.59, 'teska');

-- IZLET (30 redova)
INSERT INTO izlet (id_staza, id_prognoza, naziv, datum, trajanje, tezina) VALUES
(1, 1, 'Izlet 1 - Sljeme', '2026-04-01 07:00:00', 1.45, 'lagana'),
(2, 2, 'Izlet 2 - Vaganski vrh', '2026-04-05 07:00:00', 6.49, 'srednja'),
(3, 3, 'Izlet 3 - Sveti Jure', '2026-04-09 07:00:00', 8.16, 'teska'),
(4, 4, 'Izlet 4 - Veliki Risnjak', '2026-04-13 07:00:00', 7.6, 'lagana'),
(5, 5, 'Izlet 5 - Vojak', '2026-04-17 07:00:00', 1.59, 'srednja'),
(6, 6, 'Izlet 6 - Papuk', '2026-04-21 07:00:00', 5.85, 'teska'),
(7, 7, 'Izlet 7 - Sinjal', '2026-04-25 07:00:00', 7.37, 'lagana'),
(8, 8, 'Izlet 8 - Veliki Kabal', '2026-04-29 07:00:00', 4.37, 'srednja'),
(9, 9, 'Izlet 9 - Klek', '2026-05-03 07:00:00', 4.72, 'teska'),
(10, 10, 'Izlet 10 - Sveta Gera', '2026-05-07 07:00:00', 7.38, 'lagana'),
(11, 11, 'Izlet 11 - Japetic', '2026-05-11 07:00:00', 4.22, 'srednja'),
(12, 12, 'Izlet 12 - Snjeznik', '2026-05-15 07:00:00', 1.24, 'teska'),
(13, 13, 'Izlet 13 - Ivanscica', '2026-05-19 07:00:00', 1.29, 'lagana'),
(14, 14, 'Izlet 14 - Vranilac', '2026-05-23 07:00:00', 7.06, 'srednja'),
(15, 15, 'Izlet 15 - Brezovo polje', '2026-05-27 07:00:00', 8.03, 'teska'),
(16, 16, 'Izlet 16 - Zavizan', '2026-05-31 07:00:00', 7.8, 'lagana'),
(17, 17, 'Izlet 17 - Tulove grede', '2026-06-04 07:00:00', 5.07, 'srednja'),
(18, 18, 'Izlet 18 - Vosac', '2026-06-08 07:00:00', 1.66, 'teska'),
(19, 19, 'Izlet 19 - Sisol', '2026-06-12 07:00:00', 5.13, 'lagana'),
(20, 20, 'Izlet 20 - Ostrc', '2026-06-16 07:00:00', 3.91, 'srednja'),
(21, 21, 'Izlet 21 - Okic', '2026-06-20 07:00:00', 1.54, 'teska'),
(22, 22, 'Izlet 22 - Bjelolasica', '2026-06-24 07:00:00', 4.61, 'lagana'),
(23, 23, 'Izlet 23 - Burni Bitoraj', '2026-06-28 07:00:00', 5.26, 'srednja'),
(24, 24, 'Izlet 24 - Plijes', '2026-07-02 07:00:00', 3.42, 'teska'),
(25, 25, 'Izlet 25 - Jankovac', '2026-07-06 07:00:00', 2.72, 'lagana'),
(26, 26, 'Izlet 26 - Mosor vrh', '2026-07-10 07:00:00', 5.33, 'srednja'),
(27, 27, 'Izlet 27 - Mali Klek', '2026-07-14 07:00:00', 3.9, 'teska'),
(28, 28, 'Izlet 28 - Puntijarka', '2026-07-18 07:00:00', 7.53, 'lagana'),
(29, 29, 'Izlet 29 - Snjeznik Risnjak', '2026-07-22 07:00:00', 4.01, 'srednja'),
(30, 30, 'Izlet 30 - Troglav', '2026-07-26 07:00:00', 2.59, 'teska');

-- PRIJAVA (150 redova)
INSERT INTO prijava (id_planinar, id_izlet, datum_prijave, status_prijave) VALUES
(13, 1, '2026-03-02 09:00:00', 'prijavljen'),
(3, 1, '2026-03-02 10:00:00', 'prijavljen'),
(18, 1, '2026-03-02 11:00:00', 'otkazan'),
(23, 1, '2026-03-02 12:00:00', 'prijavljen'),
(21, 1, '2026-03-02 13:00:00', 'potvrden'),
(30, 1, '2026-03-02 14:00:00', 'prijavljen'),
(1, 2, '2026-03-03 09:00:00', 'otkazan'),
(21, 2, '2026-03-03 10:00:00', 'prijavljen'),
(29, 2, '2026-03-03 11:00:00', 'potvrden'),
(6, 2, '2026-03-03 12:00:00', 'potvrden'),
(14, 2, '2026-03-03 13:00:00', 'potvrden'),
(3, 2, '2026-03-03 14:00:00', 'potvrden'),
(23, 2, '2026-03-03 15:00:00', 'potvrden'),
(13, 3, '2026-03-04 09:00:00', 'otkazan'),
(18, 3, '2026-03-04 10:00:00', 'potvrden'),
(10, 3, '2026-03-04 11:00:00', 'prijavljen'),
(5, 3, '2026-03-04 12:00:00', 'prijavljen'),
(21, 3, '2026-03-04 13:00:00', 'otkazan'),
(25, 3, '2026-03-04 14:00:00', 'potvrden'),
(21, 4, '2026-03-05 09:00:00', 'prijavljen'),
(6, 4, '2026-03-05 10:00:00', 'prijavljen'),
(26, 4, '2026-03-05 11:00:00', 'prijavljen'),
(19, 4, '2026-03-05 12:00:00', 'potvrden'),
(12, 5, '2026-03-06 09:00:00', 'potvrden'),
(15, 5, '2026-03-06 10:00:00', 'prijavljen'),
(28, 5, '2026-03-06 11:00:00', 'potvrden'),
(24, 5, '2026-03-06 12:00:00', 'prijavljen'),
(23, 5, '2026-03-06 13:00:00', 'potvrden'),
(28, 6, '2026-03-07 09:00:00', 'prijavljen'),
(17, 6, '2026-03-07 10:00:00', 'prijavljen'),
(18, 6, '2026-03-07 11:00:00', 'potvrden'),
(5, 6, '2026-03-07 12:00:00', 'prijavljen'),
(19, 7, '2026-03-08 09:00:00', 'prijavljen'),
(11, 7, '2026-03-08 10:00:00', 'potvrden'),
(3, 7, '2026-03-08 11:00:00', 'prijavljen'),
(11, 8, '2026-03-09 09:00:00', 'prijavljen'),
(9, 8, '2026-03-09 10:00:00', 'potvrden'),
(13, 8, '2026-03-09 11:00:00', 'otkazan'),
(17, 9, '2026-03-10 09:00:00', 'prijavljen'),
(7, 9, '2026-03-10 10:00:00', 'potvrden'),
(25, 9, '2026-03-10 11:00:00', 'prijavljen'),
(29, 9, '2026-03-10 12:00:00', 'prijavljen'),
(1, 9, '2026-03-10 13:00:00', 'prijavljen'),
(18, 10, '2026-03-11 09:00:00', 'potvrden'),
(5, 10, '2026-03-11 10:00:00', 'potvrden'),
(30, 10, '2026-03-11 11:00:00', 'potvrden'),
(29, 10, '2026-03-11 12:00:00', 'potvrden'),
(24, 11, '2026-03-12 09:00:00', 'prijavljen'),
(13, 11, '2026-03-12 10:00:00', 'prijavljen'),
(25, 11, '2026-03-12 11:00:00', 'potvrden'),
(1, 11, '2026-03-12 12:00:00', 'prijavljen'),
(9, 11, '2026-03-12 13:00:00', 'potvrden'),
(23, 11, '2026-03-12 14:00:00', 'otkazan'),
(19, 11, '2026-03-12 15:00:00', 'potvrden'),
(16, 11, '2026-03-12 16:00:00', 'potvrden'),
(11, 11, '2026-03-12 17:00:00', 'potvrden'),
(23, 12, '2026-03-13 09:00:00', 'prijavljen'),
(19, 12, '2026-03-13 10:00:00', 'prijavljen'),
(28, 13, '2026-03-14 09:00:00', 'prijavljen'),
(15, 13, '2026-03-14 10:00:00', 'prijavljen'),
(12, 13, '2026-03-14 11:00:00', 'prijavljen'),
(22, 13, '2026-03-14 12:00:00', 'potvrden'),
(14, 13, '2026-03-14 13:00:00', 'prijavljen'),
(6, 14, '2026-03-15 09:00:00', 'potvrden'),
(13, 14, '2026-03-15 10:00:00', 'potvrden'),
(26, 14, '2026-03-15 11:00:00', 'prijavljen'),
(2, 14, '2026-03-15 12:00:00', 'potvrden'),
(14, 14, '2026-03-15 13:00:00', 'prijavljen'),
(29, 14, '2026-03-15 14:00:00', 'otkazan'),
(4, 15, '2026-03-16 09:00:00', 'potvrden'),
(30, 15, '2026-03-16 10:00:00', 'potvrden'),
(9, 15, '2026-03-16 11:00:00', 'prijavljen'),
(13, 16, '2026-03-17 09:00:00', 'potvrden'),
(2, 16, '2026-03-17 10:00:00', 'potvrden'),
(19, 16, '2026-03-17 11:00:00', 'potvrden'),
(30, 16, '2026-03-17 12:00:00', 'prijavljen'),
(10, 16, '2026-03-17 13:00:00', 'prijavljen'),
(4, 16, '2026-03-17 14:00:00', 'potvrden'),
(19, 17, '2026-03-18 09:00:00', 'potvrden'),
(30, 17, '2026-03-18 10:00:00', 'otkazan'),
(12, 17, '2026-03-18 11:00:00', 'prijavljen'),
(8, 17, '2026-03-18 12:00:00', 'otkazan'),
(23, 17, '2026-03-18 13:00:00', 'prijavljen'),
(15, 17, '2026-03-18 14:00:00', 'prijavljen'),
(22, 18, '2026-03-19 09:00:00', 'prijavljen'),
(16, 18, '2026-03-19 10:00:00', 'otkazan'),
(24, 18, '2026-03-19 11:00:00', 'prijavljen'),
(5, 18, '2026-03-19 12:00:00', 'otkazan'),
(29, 18, '2026-03-19 13:00:00', 'otkazan'),
(18, 18, '2026-03-19 14:00:00', 'prijavljen'),
(28, 19, '2026-03-20 09:00:00', 'otkazan'),
(2, 19, '2026-03-20 10:00:00', 'otkazan'),
(15, 19, '2026-03-20 11:00:00', 'potvrden'),
(17, 19, '2026-03-20 12:00:00', 'prijavljen'),
(19, 20, '2026-03-21 09:00:00', 'prijavljen'),
(29, 20, '2026-03-21 10:00:00', 'potvrden'),
(1, 20, '2026-03-21 11:00:00', 'prijavljen'),
(11, 20, '2026-03-21 12:00:00', 'prijavljen'),
(24, 20, '2026-03-21 13:00:00', 'prijavljen'),
(14, 21, '2026-03-22 09:00:00', 'potvrden'),
(12, 21, '2026-03-22 10:00:00', 'prijavljen'),
(2, 21, '2026-03-22 11:00:00', 'prijavljen'),
(20, 21, '2026-03-22 12:00:00', 'potvrden'),
(1, 21, '2026-03-22 13:00:00', 'potvrden'),
(30, 22, '2026-03-23 09:00:00', 'otkazan'),
(17, 22, '2026-03-23 10:00:00', 'potvrden'),
(27, 22, '2026-03-23 11:00:00', 'prijavljen'),
(7, 22, '2026-03-23 12:00:00', 'prijavljen'),
(10, 22, '2026-03-23 13:00:00', 'prijavljen'),
(16, 22, '2026-03-23 14:00:00', 'potvrden'),
(9, 23, '2026-03-24 09:00:00', 'potvrden'),
(26, 23, '2026-03-24 10:00:00', 'otkazan'),
(7, 23, '2026-03-24 11:00:00', 'potvrden'),
(13, 24, '2026-03-25 09:00:00', 'potvrden'),
(14, 24, '2026-03-25 10:00:00', 'prijavljen'),
(26, 24, '2026-03-25 11:00:00', 'potvrden'),
(25, 25, '2026-03-26 09:00:00', 'potvrden'),
(21, 25, '2026-03-26 10:00:00', 'prijavljen'),
(14, 25, '2026-03-26 11:00:00', 'prijavljen'),
(17, 25, '2026-03-26 12:00:00', 'prijavljen'),
(12, 25, '2026-03-26 13:00:00', 'prijavljen'),
(5, 25, '2026-03-26 14:00:00', 'otkazan'),
(3, 26, '2026-03-27 09:00:00', 'prijavljen'),
(13, 26, '2026-03-27 10:00:00', 'prijavljen'),
(1, 26, '2026-03-27 11:00:00', 'otkazan'),
(28, 26, '2026-03-27 12:00:00', 'prijavljen'),
(14, 26, '2026-03-27 13:00:00', 'otkazan'),
(21, 26, '2026-03-27 14:00:00', 'otkazan'),
(23, 27, '2026-03-28 09:00:00', 'potvrden'),
(10, 27, '2026-03-28 10:00:00', 'potvrden'),
(6, 27, '2026-03-28 11:00:00', 'prijavljen'),
(29, 27, '2026-03-28 12:00:00', 'prijavljen'),
(4, 27, '2026-03-28 13:00:00', 'prijavljen'),
(27, 27, '2026-03-28 14:00:00', 'prijavljen'),
(8, 28, '2026-03-29 09:00:00', 'otkazan'),
(14, 28, '2026-03-29 10:00:00', 'prijavljen'),
(17, 28, '2026-03-29 11:00:00', 'prijavljen'),
(22, 28, '2026-03-29 12:00:00', 'prijavljen'),
(29, 29, '2026-03-30 09:00:00', 'prijavljen'),
(16, 29, '2026-03-30 10:00:00', 'potvrden'),
(28, 29, '2026-03-30 11:00:00', 'otkazan'),
(2, 29, '2026-03-30 12:00:00', 'potvrden'),
(10, 29, '2026-03-30 13:00:00', 'prijavljen'),
(5, 29, '2026-03-30 14:00:00', 'potvrden'),
(30, 29, '2026-03-30 15:00:00', 'prijavljen'),
(4, 29, '2026-03-30 16:00:00', 'prijavljen'),
(30, 30, '2026-03-31 09:00:00', 'potvrden'),
(2, 30, '2026-03-31 10:00:00', 'potvrden'),
(4, 30, '2026-03-31 11:00:00', 'potvrden'),
(17, 30, '2026-03-31 12:00:00', 'prijavljen');

-- OCJENA (130 redova)
INSERT INTO ocjena (id_izlet, id_planinar, vrijednost) VALUES
(4, 26, 4),
(11, 23, 2),
(20, 24, 2),
(10, 29, 5),
(22, 7, 4),
(7, 19, 5),
(25, 5, 3),
(8, 11, 2),
(1, 3, 5),
(9, 29, 5),
(4, 19, 2),
(18, 22, 4),
(2, 29, 4),
(5, 28, 5),
(8, 13, 3),
(12, 23, 4),
(25, 21, 4),
(23, 9, 3),
(11, 9, 2),
(21, 1, 2),
(3, 10, 2),
(3, 18, 5),
(9, 17, 2),
(27, 23, 4),
(13, 15, 4),
(18, 18, 4),
(2, 3, 5),
(3, 21, 1),
(18, 16, 1),
(1, 30, 4),
(10, 30, 2),
(28, 8, 2),
(27, 6, 3),
(22, 30, 1),
(5, 24, 2),
(25, 25, 4),
(6, 18, 3),
(24, 13, 2),
(21, 12, 3),
(11, 11, 5),
(10, 18, 4),
(29, 5, 4),
(3, 25, 3),
(26, 13, 4),
(18, 24, 4),
(29, 2, 2),
(28, 14, 2),
(29, 28, 1),
(22, 10, 5),
(27, 29, 4),
(10, 5, 4),
(6, 17, 5),
(2, 21, 2),
(20, 11, 5),
(15, 30, 5),
(28, 22, 5),
(26, 14, 3),
(6, 5, 3),
(8, 9, 4),
(23, 7, 4),
(3, 5, 5),
(15, 9, 5),
(1, 13, 5),
(16, 4, 4),
(17, 23, 2),
(15, 4, 5),
(7, 11, 3),
(11, 19, 4),
(18, 29, 2),
(11, 24, 3),
(17, 12, 4),
(26, 1, 1),
(21, 2, 4),
(1, 21, 2),
(27, 27, 4),
(21, 14, 2),
(9, 25, 3),
(18, 5, 1),
(16, 19, 5),
(14, 13, 2),
(16, 13, 5),
(16, 30, 3),
(2, 14, 2),
(11, 13, 4),
(5, 12, 5),
(21, 20, 3),
(25, 14, 4),
(27, 4, 5),
(2, 1, 3),
(30, 30, 4),
(26, 21, 3),
(17, 30, 3),
(7, 3, 4),
(2, 23, 2),
(28, 17, 3),
(16, 2, 2),
(22, 16, 4),
(16, 10, 2),
(14, 6, 5),
(3, 13, 2),
(13, 12, 5),
(29, 16, 2),
(5, 23, 3),
(19, 28, 3),
(29, 4, 2),
(20, 29, 3),
(29, 10, 5),
(12, 19, 5),
(14, 14, 2),
(5, 15, 5),
(24, 14, 2),
(17, 19, 4),
(9, 7, 5),
(17, 8, 2),
(23, 26, 3),
(14, 26, 4),
(22, 27, 4),
(13, 22, 5),
(20, 19, 3),
(14, 2, 5),
(4, 21, 5),
(1, 23, 4),
(19, 15, 4),
(6, 28, 5),
(1, 18, 3),
(17, 15, 2),
(14, 29, 1),
(13, 28, 2),
(11, 16, 3),
(30, 4, 3);

-- KOMENTAR (150 redova)
INSERT INTO komentar (id_planinar, id_izlet, tekst, datum) VALUES
(3, 7, 'Odlican izlet i lijepi pogledi.', '2026-08-28 23:09:00'),
(7, 22, 'Staza je bila dobro oznacena.', '2026-06-07 22:50:00'),
(24, 11, 'Tempo je bio malo zahtjevan.', '2026-08-16 03:01:00'),
(28, 29, 'Vrijeme je bilo idealno za hodanje.', '2026-04-24 18:02:00'),
(20, 23, 'Preporucujem ponoviti ovu rutu.', '2026-05-08 02:52:00'),
(28, 5, 'Vrh je bio vrijedan uspona.', '2026-07-26 22:12:00'),
(2, 29, 'Dobra organizacija izleta.', '2026-08-01 18:30:00'),
(17, 25, 'Trebalo je ponijeti vise vode.', '2026-07-05 22:51:00'),
(30, 29, 'Prognoza je bila tocna.', '2026-08-29 23:46:00'),
(14, 2, 'Grupa je bila odlicna.', '2026-07-05 18:53:00'),
(28, 26, 'Izlet je bio siguran i dobro voden.', '2026-07-06 01:11:00'),
(24, 5, 'Ruta je pogodna za rekreativce.', '2026-09-06 19:14:00'),
(24, 20, 'Na dijelovima je bilo sklisko.', '2026-05-06 02:38:00'),
(28, 5, 'Oprema je bila dobro odabrana.', '2026-08-04 02:58:00'),
(8, 28, 'Pogled s vrha bio je izvrstan.', '2026-08-06 23:43:00'),
(27, 22, 'Izlet je trajao malo duze od plana.', '2026-06-08 23:45:00'),
(30, 10, 'Vodic je dao korisne upute.', '2026-05-31 19:44:00'),
(13, 3, 'Dobar izbor staze za ovu grupu.', '2026-08-11 20:27:00'),
(14, 2, 'Vrijeme se promijenilo pred kraj izleta.', '2026-05-06 20:30:00'),
(1, 9, 'Sve je proslo bez problema.', '2026-07-12 21:03:00'),
(6, 14, 'Odlican izlet i lijepi pogledi.', '2026-08-09 21:07:00'),
(1, 26, 'Staza je bila dobro oznacena.', '2026-08-07 18:05:00'),
(30, 15, 'Tempo je bio malo zahtjevan.', '2026-06-30 02:37:00'),
(19, 12, 'Vrijeme je bilo idealno za hodanje.', '2026-04-19 01:17:00'),
(12, 25, 'Preporucujem ponoviti ovu rutu.', '2026-07-11 23:26:00'),
(16, 22, 'Vrh je bio vrijedan uspona.', '2026-07-16 19:30:00'),
(15, 15, 'Dobra organizacija izleta.', '2026-04-04 19:54:00'),
(28, 19, 'Trebalo je ponijeti vise vode.', '2026-07-03 23:28:00'),
(28, 29, 'Prognoza je bila tocna.', '2026-08-23 02:07:00'),
(5, 18, 'Grupa je bila odlicna.', '2026-05-30 18:33:00'),
(14, 24, 'Izlet je bio siguran i dobro voden.', '2026-05-23 02:00:00'),
(23, 1, 'Ruta je pogodna za rekreativce.', '2026-06-29 20:08:00'),
(2, 19, 'Na dijelovima je bilo sklisko.', '2026-08-18 23:18:00'),
(29, 18, 'Oprema je bila dobro odabrana.', '2026-05-23 18:48:00'),
(19, 7, 'Pogled s vrha bio je izvrstan.', '2026-08-11 18:10:00'),
(29, 27, 'Izlet je trajao malo duze od plana.', '2026-07-18 00:49:00'),
(5, 3, 'Vodic je dao korisne upute.', '2026-05-19 21:07:00'),
(22, 18, 'Dobar izbor staze za ovu grupu.', '2026-07-17 02:20:00'),
(25, 3, 'Vrijeme se promijenilo pred kraj izleta.', '2026-07-02 02:41:00'),
(4, 7, 'Sve je proslo bez problema.', '2026-06-05 19:31:00'),
(19, 20, 'Odlican izlet i lijepi pogledi.', '2026-05-15 21:14:00'),
(5, 3, 'Staza je bila dobro oznacena.', '2026-07-19 01:39:00'),
(14, 15, 'Tempo je bio malo zahtjevan.', '2026-04-12 01:04:00'),
(10, 16, 'Vrijeme je bilo idealno za hodanje.', '2026-08-09 00:42:00'),
(16, 18, 'Preporucujem ponoviti ovu rutu.', '2026-07-04 23:57:00'),
(24, 11, 'Vrh je bio vrijedan uspona.', '2026-05-01 18:27:00'),
(23, 27, 'Dobra organizacija izleta.', '2026-06-22 18:33:00'),
(2, 16, 'Trebalo je ponijeti vise vode.', '2026-06-20 22:53:00'),
(12, 25, 'Prognoza je bila tocna.', '2026-07-02 21:51:00'),
(29, 2, 'Grupa je bila odlicna.', '2026-09-06 02:02:00'),
(19, 11, 'Izlet je bio siguran i dobro voden.', '2026-06-24 22:06:00'),
(10, 29, 'Ruta je pogodna za rekreativce.', '2026-05-27 23:19:00'),
(6, 7, 'Na dijelovima je bilo sklisko.', '2026-07-29 02:13:00'),
(5, 25, 'Oprema je bila dobro odabrana.', '2026-09-09 01:37:00'),
(4, 15, 'Pogled s vrha bio je izvrstan.', '2026-07-21 23:00:00'),
(12, 21, 'Izlet je trajao malo duze od plana.', '2026-07-29 19:40:00'),
(20, 28, 'Vodic je dao korisne upute.', '2026-06-23 00:31:00'),
(14, 28, 'Dobar izbor staze za ovu grupu.', '2026-05-04 21:58:00'),
(29, 9, 'Vrijeme se promijenilo pred kraj izleta.', '2026-07-17 02:41:00'),
(4, 15, 'Sve je proslo bez problema.', '2026-09-03 22:00:00'),
(5, 10, 'Odlican izlet i lijepi pogledi.', '2026-08-12 22:03:00'),
(14, 26, 'Staza je bila dobro oznacena.', '2026-04-23 03:57:00'),
(5, 3, 'Tempo je bio malo zahtjevan.', '2026-07-05 01:56:00'),
(3, 7, 'Vrijeme je bilo idealno za hodanje.', '2026-05-14 23:52:00'),
(19, 7, 'Preporucujem ponoviti ovu rutu.', '2026-05-06 23:11:00'),
(29, 9, 'Vrh je bio vrijedan uspona.', '2026-07-26 22:34:00'),
(1, 11, 'Dobra organizacija izleta.', '2026-06-15 21:15:00'),
(23, 2, 'Trebalo je ponijeti vise vode.', '2026-06-19 21:16:00'),
(1, 2, 'Prognoza je bila tocna.', '2026-05-17 20:42:00'),
(29, 9, 'Grupa je bila odlicna.', '2026-06-23 18:40:00'),
(14, 2, 'Izlet je bio siguran i dobro voden.', '2026-06-28 21:40:00'),
(14, 25, 'Ruta je pogodna za rekreativce.', '2026-07-21 20:56:00'),
(10, 29, 'Na dijelovima je bilo sklisko.', '2026-08-13 18:51:00'),
(12, 13, 'Oprema je bila dobro odabrana.', '2026-04-28 01:04:00'),
(8, 22, 'Pogled s vrha bio je izvrstan.', '2026-06-18 20:54:00'),
(19, 7, 'Izlet je trajao malo duze od plana.', '2026-08-28 00:17:00'),
(30, 1, 'Vodic je dao korisne upute.', '2026-09-06 02:19:00'),
(9, 23, 'Dobar izbor staze za ovu grupu.', '2026-09-01 20:43:00'),
(5, 7, 'Vrijeme se promijenilo pred kraj izleta.', '2026-05-29 23:06:00'),
(7, 23, 'Sve je proslo bez problema.', '2026-08-08 20:29:00'),
(19, 23, 'Odlican izlet i lijepi pogledi.', '2026-05-21 20:42:00'),
(15, 13, 'Staza je bila dobro oznacena.', '2026-08-06 20:01:00'),
(30, 10, 'Tempo je bio malo zahtjevan.', '2026-04-06 02:30:00'),
(1, 21, 'Vrijeme je bilo idealno za hodanje.', '2026-05-31 03:25:00'),
(15, 13, 'Preporucujem ponoviti ovu rutu.', '2026-09-07 01:22:00'),
(28, 3, 'Vrh je bio vrijedan uspona.', '2026-06-08 22:17:00'),
(29, 14, 'Dobra organizacija izleta.', '2026-05-31 20:35:00'),
(13, 11, 'Trebalo je ponijeti vise vode.', '2026-04-03 19:32:00'),
(4, 16, 'Prognoza je bila tocna.', '2026-08-03 19:12:00'),
(23, 17, 'Grupa je bila odlicna.', '2026-08-08 19:13:00'),
(30, 17, 'Izlet je bio siguran i dobro voden.', '2026-04-26 01:41:00'),
(9, 8, 'Ruta je pogodna za rekreativce.', '2026-06-07 23:42:00'),
(17, 25, 'Na dijelovima je bilo sklisko.', '2026-06-17 19:59:00'),
(3, 26, 'Oprema je bila dobro odabrana.', '2026-06-30 00:21:00'),
(8, 12, 'Pogled s vrha bio je izvrstan.', '2026-06-05 22:33:00'),
(12, 5, 'Izlet je trajao malo duze od plana.', '2026-04-27 18:09:00'),
(29, 18, 'Vodic je dao korisne upute.', '2026-07-06 01:41:00'),
(17, 9, 'Dobar izbor staze za ovu grupu.', '2026-05-16 22:06:00'),
(16, 18, 'Vrijeme se promijenilo pred kraj izleta.', '2026-05-24 01:43:00'),
(28, 29, 'Sve je proslo bez problema.', '2026-06-03 01:18:00'),
(29, 9, 'Odlican izlet i lijepi pogledi.', '2026-06-07 03:46:00'),
(2, 21, 'Staza je bila dobro oznacena.', '2026-08-16 01:23:00'),
(3, 1, 'Tempo je bio malo zahtjevan.', '2026-05-31 02:06:00'),
(28, 13, 'Vrijeme je bilo idealno za hodanje.', '2026-05-10 23:52:00'),
(23, 17, 'Preporucujem ponoviti ovu rutu.', '2026-04-02 01:57:00'),
(13, 3, 'Vrh je bio vrijedan uspona.', '2026-05-31 18:23:00'),
(4, 15, 'Dobra organizacija izleta.', '2026-05-18 02:23:00'),
(25, 9, 'Trebalo je ponijeti vise vode.', '2026-06-02 03:03:00'),
(30, 15, 'Prognoza je bila tocna.', '2026-07-13 03:20:00'),
(11, 20, 'Grupa je bila odlicna.', '2026-08-24 01:09:00'),
(15, 17, 'Izlet je bio siguran i dobro voden.', '2026-05-05 19:16:00'),
(7, 23, 'Ruta je pogodna za rekreativce.', '2026-06-17 19:34:00'),
(6, 14, 'Na dijelovima je bilo sklisko.', '2026-06-12 01:48:00'),
(13, 26, 'Oprema je bila dobro odabrana.', '2026-09-06 18:41:00'),
(13, 8, 'Pogled s vrha bio je izvrstan.', '2026-07-29 01:18:00'),
(4, 27, 'Izlet je trajao malo duze od plana.', '2026-08-05 18:41:00'),
(20, 27, 'Vodic je dao korisne upute.', '2026-09-08 00:22:00'),
(5, 7, 'Dobar izbor staze za ovu grupu.', '2026-05-27 18:20:00'),
(5, 3, 'Vrijeme se promijenilo pred kraj izleta.', '2026-04-20 02:42:00'),
(3, 26, 'Sve je proslo bez problema.', '2026-08-17 02:28:00'),
(25, 11, 'Odlican izlet i lijepi pogledi.', '2026-06-24 00:41:00'),
(1, 11, 'Staza je bila dobro oznacena.', '2026-08-11 21:38:00'),
(29, 2, 'Tempo je bio malo zahtjevan.', '2026-08-11 21:18:00'),
(10, 16, 'Vrijeme je bilo idealno za hodanje.', '2026-06-12 02:01:00'),
(22, 28, 'Preporucujem ponoviti ovu rutu.', '2026-07-10 23:28:00'),
(7, 9, 'Vrh je bio vrijedan uspona.', '2026-04-21 00:21:00'),
(17, 19, 'Dobra organizacija izleta.', '2026-04-29 01:28:00'),
(23, 25, 'Trebalo je ponijeti vise vode.', '2026-04-07 00:18:00'),
(30, 29, 'Prognoza je bila tocna.', '2026-04-12 00:40:00'),
(25, 24, 'Grupa je bila odlicna.', '2026-06-26 19:48:00'),
(1, 11, 'Izlet je bio siguran i dobro voden.', '2026-06-18 01:01:00'),
(30, 17, 'Ruta je pogodna za rekreativce.', '2026-05-22 23:38:00'),
(13, 26, 'Na dijelovima je bilo sklisko.', '2026-08-28 22:20:00'),
(16, 12, 'Oprema je bila dobro odabrana.', '2026-08-10 03:58:00'),
(21, 25, 'Pogled s vrha bio je izvrstan.', '2026-08-07 02:56:00'),
(3, 7, 'Izlet je trajao malo duze od plana.', '2026-05-08 01:25:00'),
(15, 19, 'Vodic je dao korisne upute.', '2026-07-11 02:24:00'),
(19, 11, 'Dobar izbor staze za ovu grupu.', '2026-06-24 18:25:00'),
(28, 13, 'Vrijeme se promijenilo pred kraj izleta.', '2026-05-14 20:10:00'),
(26, 23, 'Sve je proslo bez problema.', '2026-05-07 03:56:00'),
(1, 20, 'Odlican izlet i lijepi pogledi.', '2026-05-19 18:05:00'),
(28, 13, 'Staza je bila dobro oznacena.', '2026-05-11 22:12:00'),
(21, 26, 'Tempo je bio malo zahtjevan.', '2026-06-27 23:45:00'),
(12, 21, 'Vrijeme je bilo idealno za hodanje.', '2026-07-12 03:35:00'),
(3, 18, 'Preporucujem ponoviti ovu rutu.', '2026-06-20 00:29:00'),
(23, 6, 'Vrh je bio vrijedan uspona.', '2026-08-27 01:13:00'),
(19, 12, 'Dobra organizacija izleta.', '2026-07-02 03:08:00'),
(17, 30, 'Trebalo je ponijeti vise vode.', '2026-04-10 21:09:00'),
(5, 18, 'Prognoza je bila tocna.', '2026-07-27 19:52:00'),
(21, 1, 'Grupa je bila odlicna.', '2026-09-07 18:58:00');

-- OPREMA_IZLET (150 redova)
INSERT INTO oprema_izlet (id_izlet, id_oprema) VALUES
(1, 13),
(1, 3),
(1, 6),
(1, 4),
(1, 5),
(1, 11),
(1, 7),
(1, 9),
(2, 8),
(2, 7),
(2, 25),
(2, 15),
(2, 1),
(3, 2),
(3, 3),
(3, 17),
(3, 7),
(3, 16),
(3, 11),
(3, 18),
(3, 5),
(4, 23),
(4, 6),
(4, 24),
(5, 16),
(5, 24),
(5, 19),
(5, 22),
(6, 20),
(6, 8),
(6, 4),
(6, 14),
(6, 15),
(7, 3),
(7, 22),
(7, 24),
(7, 12),
(8, 22),
(8, 3),
(8, 5),
(8, 15),
(9, 19),
(9, 18),
(9, 8),
(9, 5),
(9, 6),
(10, 3),
(10, 9),
(10, 25),
(11, 20),
(11, 10),
(11, 4),
(11, 8),
(11, 1),
(12, 22),
(12, 9),
(12, 12),
(12, 23),
(12, 4),
(12, 8),
(12, 17),
(13, 10),
(13, 1),
(13, 3),
(13, 9),
(13, 23),
(13, 17),
(14, 21),
(14, 17),
(14, 13),
(14, 8),
(14, 12),
(14, 11),
(15, 15),
(15, 20),
(15, 7),
(15, 18),
(15, 14),
(15, 16),
(16, 2),
(16, 3),
(16, 25),
(16, 4),
(16, 16),
(17, 13),
(17, 7),
(17, 17),
(17, 23),
(17, 24),
(18, 1),
(18, 18),
(18, 22),
(18, 7),
(18, 12),
(18, 5),
(18, 20),
(19, 23),
(19, 19),
(19, 6),
(19, 20),
(20, 19),
(20, 21),
(20, 23),
(21, 10),
(21, 9),
(21, 3),
(21, 15),
(21, 1),
(21, 23),
(21, 24),
(22, 17),
(22, 3),
(22, 9),
(22, 14),
(23, 22),
(23, 24),
(23, 15),
(24, 11),
(24, 4),
(24, 5),
(24, 15),
(24, 23),
(24, 20),
(25, 18),
(25, 20),
(25, 24),
(25, 10),
(25, 25),
(25, 21),
(26, 11),
(26, 16),
(26, 21),
(26, 19),
(27, 10),
(27, 6),
(27, 7),
(27, 25),
(27, 8),
(28, 21),
(28, 15),
(28, 11),
(29, 3),
(29, 16),
(29, 8),
(29, 15),
(29, 13),
(30, 8),
(30, 23),
(30, 13),
(30, 10);




